{
  "lights": {
    "0": {
      "type": "point",
      "position": [
        -0.9100000000000004,
        2.3,
        2.53
      ],
      "intensity": 1.1586479857089982,
      "color": [
        0.93,
        0.98,
        1
      ]
    },
    "1": {
      "type": "point",
      "position": [
        -1.4000000000000001,
        2.3,
        -0.17500000000000016
      ],
      "intensity": 1.1586479857089982,
      "color": [
        0.93,
        0.98,
        1
      ]
    },
    "2": {
      "type": "point",
      "position": [
        -1.4,
        2.3,
        -2.7750000000000004
      ],
      "intensity": 1.1586479857089982,
      "color": [
        0.93,
        0.98,
        1
      ]
    },
    "3": {
      "type": "point",
      "position": [
        6.928,
        3.3,
        6.849
      ],
      "intensity": 4.45633840657307,
      "color": [
        1,
        1,
        1
      ]
    },
    "4": {
      "type": "point",
      "position": [
        7.048,
        3.3,
        2.3780000000000014
      ],
      "intensity": 7.321127382227186,
      "color": [
        1,
        1,
        1
      ]
    },
    "5": {
      "type": "point",
      "position": [
        0.5,
        1.85,
        1.4000000000000004
      ],
      "intensity": 0.9803944494460753,
      "color": [
        1,
        1,
        1
      ]
    },
    "6": {
      "type": "point",
      "position": [
        2.1,
        1.5,
        7.1
      ],
      "intensity": 0.9803944494460753,
      "color": [
        1,
        1,
        0.95
      ]
    },
    "7": {
      "type": "point",
      "position": [
        1.6550000000000005,
        2.6,
        -2.034
      ],
      "intensity": -1.336901521971921,
      "color": [
        1,
        1,
        1
      ]
    },
    "8": {
      "type": "point",
      "position": [
        6.0649999999999995,
        2.6,
        -2.671999999999999
      ],
      "intensity": -2.673803043943842,
      "color": [
        1,
        1,
        1
      ]
    },
    "9": {
      "type": "point",
      "position": [
        0.3,
        0.7000000000000001,
        1.75
      ],
      "intensity": -0.3819718634205488,
      "color": [
        1,
        1,
        1
      ]
    },
    "10": {
      "type": "point",
      "position": [
        -0.3,
        0.7000000000000001,
        1.75
      ],
      "intensity": -0.3819718634205488,
      "color": [
        1,
        1,
        1
      ]
    },
    "11": {
      "type": "point",
      "position": [
        0.4,
        0.9,
        -0.9
      ],
      "intensity": -0.6366197723675814,
      "color": [
        1,
        1,
        1
      ]
    },
    "12": {
      "type": "point",
      "position": [
        2.6919999999999984,
        0.8,
        8.8
      ],
      "intensity": -1.464225476445437,
      "color": [
        1,
        1,
        1
      ]
    },
    "13": {
      "type": "point",
      "position": [
        -2.75,
        0.9,
        -1.19
      ],
      "intensity": -0.6684507609859605,
      "color": [
        1,
        1,
        1
      ]
    },
    "14": {
      "type": "point",
      "position": [
        4.9,
        0.4,
        2.4
      ],
      "intensity": -1.2732395447351628,
      "color": [
        1,
        1,
        1
      ]
    },
    "15": {
      "type": "point",
      "position": [
        -2,
        0.6,
        4.5
      ],
      "intensity": -0.3819718634205488,
      "color": [
        1,
        1,
        1
      ]
    }
  }
}